Timestamp,User Count,Type,Name,Requests/s,Failures/s,50%,66%,75%,80%,90%,95%,98%,99%,99.9%,99.99%,100%,Total Request Count,Total Failure Count,Total Median Response Time,Total Average Response Time,Total Min Response Time,Total Max Response Time,Total Average Content Size
1703527529,0,,Aggregated,0.000000,0.000000,N/A,N/A,N/A,N/A,N/A,N/A,N/A,N/A,N/A,N/A,N/A,0,0,0,0.0,0,0,0
1703527530,10,,Aggregated,0.000000,0.000000,320,340,340,360,390,390,390,390,390,390,390,10,0,300.0,311.31039100037015,249.1687270012335,386.96349700330757,115.0
1703527531,20,,Aggregated,0.000000,0.000000,270,300,320,340,360,380,390,390,390,390,390,27,0,270.0,253.29514655567,116.53091100015445,386.96349700330757,115.0
1703527532,30,,Aggregated,0.000000,0.000000,260,290,310,320,340,360,390,390,390,390,390,41,0,260.0,245.70400604884858,116.22009199709282,386.96349700330757,115.0
1703527533,40,,Aggregated,5.000000,0.000000,240,270,300,310,340,380,390,410,410,410,410,77,0,240.0,225.14959050636503,110.43464099930134,413.0690899983165,115.0
1703527534,50,,Aggregated,9.000000,0.000000,220,260,290,310,340,380,390,410,420,420,420,105,0,220.0,214.00017118105012,110.43464099930134,419.97291799998493,115.0
1703527535,60,,Aggregated,10.750000,0.000000,150,250,270,290,340,360,390,410,420,420,420,150,0,150.0,200.55987576005768,110.43464099930134,419.97291799998493,115.0
1703527536,70,,Aggregated,15.400000,0.000000,140,230,260,280,320,360,380,410,420,420,420,195,0,140.0,194.02863328208556,110.4169539976283,419.97291799998493,115.0
1703527537,80,,Aggregated,17.500000,0.000000,150,240,280,300,360,390,410,430,450,450,450,245,0,150.0,203.16666309789775,109.2146959999809,445.97727400105214,115.0
1703527539,90,,Aggregated,21.428571,0.000000,150,230,260,290,340,380,410,420,450,450,450,302,0,150.0,199.2878350462605,109.2146959999809,445.97727400105214,115.0
1703527540,100,,Aggregated,24.375000,0.000000,150,240,270,290,340,380,410,420,450,450,450,364,0,150.0,200.1474023679723,108.60938799669384,445.97727400105214,115.0
1703527541,100,,Aggregated,27.222222,0.000000,160,230,260,280,320,370,410,410,450,450,450,425,0,160.0,195.3202229104799,108.60938799669384,445.97727400105214,115.0
1703527542,100,,Aggregated,30.200000,0.000000,150,220,250,270,320,370,400,410,450,450,450,483,0,150.0,189.52111381772937,108.60938799669384,445.97727400105214,115.0
1703527543,100,,Aggregated,36.400000,0.000000,150,220,250,270,320,370,400,410,450,450,450,542,0,150.0,191.44857343351464,108.60938799669384,445.97727400105214,115.0
1703527544,100,,Aggregated,41.500000,0.000000,150,210,250,260,310,360,390,410,450,450,450,597,0,150.0,188.25929087099297,108.16982700271183,445.97727400105214,115.0
1703527545,100,,Aggregated,45.600000,0.000000,150,200,240,260,310,350,390,410,450,450,450,659,0,150.0,184.6633265144004,108.16982700271183,445.97727400105214,115.0
1703527546,100,,Aggregated,52.000000,0.000000,150,200,240,260,310,350,390,410,450,450,450,717,0,150.0,186.1786434114484,108.16982700271183,445.97727400105214,115.0
1703527547,100,,Aggregated,52.000000,0.000000,150,200,240,260,310,340,380,410,450,450,450,782,0,150.0,183.5830249948996,107.4917469995853,445.97727400105214,115.0
1703527548,100,,Aggregated,55.400000,0.000000,150,190,230,250,300,340,380,410,450,450,450,832,0,150.0,182.28863872717773,107.4917469995853,445.97727400105214,115.0
1703527549,100,,Aggregated,58.700000,0.000000,150,210,250,280,320,380,410,440,510,510,510,893,0,150.0,193.10518924076428,107.4917469995853,512.7822960021149,115.0
1703527550,100,,Aggregated,58.700000,0.000000,150,210,260,280,330,380,410,440,510,510,510,947,0,150.0,193.9816541964152,107.4917469995853,512.7822960021149,115.0
1703527551,100,,Aggregated,59.000000,0.000000,150,200,250,270,330,380,410,440,490,510,510,1011,0,150.0,190.69310883284638,107.4917469995853,512.7822960021149,115.0
1703527552,100,,Aggregated,58.100000,0.000000,150,200,240,260,320,370,410,440,490,510,510,1069,0,150.0,189.2050494527715,107.4917469995853,512.7822960021149,115.0
1703527553,100,,Aggregated,58.500000,0.000000,150,200,240,260,320,370,410,440,490,510,510,1126,0,150.0,188.15158585614753,107.4917469995853,512.7822960021149,115.0
1703527554,100,,Aggregated,58.500000,0.000000,150,200,230,260,320,370,400,440,490,510,510,1188,0,150.0,187.3253924250951,107.4917469995853,512.7822960021149,115.0
1703527555,100,,Aggregated,58.300000,0.000000,150,190,230,260,310,370,400,430,490,510,510,1249,0,150.0,185.36218415132632,107.4917469995853,512.7822960021149,115.0
1703527556,100,,Aggregated,59.000000,0.000000,150,190,230,250,310,360,400,430,490,510,510,1312,0,150.0,184.23921647865603,107.4917469995853,512.7822960021149,115.0
1703527557,100,,Aggregated,58.800000,0.000000,150,190,230,260,310,360,400,430,490,510,510,1370,0,150.0,185.8903346080197,107.4917469995853,512.7822960021149,115.0
1703527558,100,,Aggregated,59.500000,0.000000,150,190,230,260,310,360,400,430,490,510,510,1431,0,150.0,185.5049060614676,107.13284099983866,512.7822960021149,115.0
1703527559,100,,Aggregated,58.600000,0.000000,150,190,230,260,320,360,400,430,490,510,510,1495,0,150.0,187.12392013977598,107.13284099983866,512.7822960021149,115.0
1703527560,100,,Aggregated,59.700000,0.000000,150,190,230,260,320,360,400,420,490,510,510,1550,0,150.0,185.47866716450224,107.05087599853869,512.7822960021149,115.0
1703527561,100,,Aggregated,60.000000,0.000000,150,190,230,260,310,360,400,420,490,510,510,1613,0,150.0,186.06972647363725,107.05087599853869,512.7822960021149,115.0
1703527562,100,,Aggregated,60.200000,0.000000,150,190,230,260,310,360,400,420,490,510,510,1667,0,150.0,185.32355077683425,107.05087599853869,512.7822960021149,115.0
1703527563,100,,Aggregated,60.000000,0.000000,150,190,230,260,310,360,390,420,490,510,510,1729,0,150.0,184.91875376749246,107.05087599853869,512.7822960021149,115.0
1703527564,100,,Aggregated,59.600000,0.000000,150,190,230,260,320,360,400,420,490,510,510,1789,0,150.0,186.49420570877308,107.05087599853869,512.7822960021149,115.0
1703527565,100,,Aggregated,60.000000,0.000000,150,190,230,260,310,360,400,420,490,510,510,1850,0,150.0,185.71007738433005,107.05087599853869,512.7822960021149,115.0
1703527566,100,,Aggregated,59.800000,0.000000,150,190,220,250,310,360,400,420,490,510,510,1912,0,150.0,184.52361616006178,107.05087599853869,512.7822960021149,115.0
1703527567,100,,Aggregated,60.200000,0.000000,150,190,220,250,310,360,390,420,490,510,510,1975,0,150.0,184.01728242684533,107.05087599853869,512.7822960021149,115.0
1703527568,100,,Aggregated,59.700000,0.000000,150,190,220,250,310,360,390,410,490,510,510,2035,0,150.0,183.30073549681188,107.05087599853869,512.7822960021149,115.0
1703527569,100,,Aggregated,60.500000,0.000000,150,190,220,250,300,350,390,410,490,510,510,2095,0,150.0,182.9888263837772,107.05087599853869,512.7822960021149,115.0
1703527570,100,,Aggregated,60.200000,0.000000,150,190,220,240,300,350,390,410,490,510,510,2157,0,150.0,181.74713680251034,107.05087599853869,512.7822960021149,115.0
1703527571,100,,Aggregated,60.000000,0.000000,150,190,210,240,300,350,390,410,490,510,510,2218,0,150.0,181.161105163212,107.05087599853869,512.7822960021149,115.0
1703527572,100,,Aggregated,60.600000,0.000000,150,190,210,240,300,350,390,410,490,510,510,2276,0,150.0,180.52520714675407,107.05087599853869,512.7822960021149,115.0
1703527573,100,,Aggregated,60.300000,0.000000,150,180,210,230,300,350,390,410,490,510,510,2334,0,150.0,179.63025313967967,107.05087599853869,512.7822960021149,115.0
1703527574,100,,Aggregated,60.700000,0.000000,150,190,210,240,300,350,390,410,490,510,510,2394,0,150.0,179.62931089140167,107.05087599853869,512.7822960021149,115.0
1703527575,100,,Aggregated,60.600000,0.000000,150,180,210,240,290,340,390,410,490,510,510,2454,0,150.0,179.48596302445586,107.05087599853869,512.7822960021149,115.0
1703527576,100,,Aggregated,60.400000,0.000000,150,180,210,230,290,340,390,410,490,510,510,2513,0,150.0,178.8596795093577,107.05087599853869,512.7822960021149,115.0
1703527577,100,,Aggregated,60.100000,0.000000,150,180,210,230,290,340,390,410,490,510,510,2570,0,150.0,178.3581055805529,107.05087599853869,512.7822960021149,115.0
1703527578,100,,Aggregated,59.900000,0.000000,150,180,210,230,290,340,390,410,490,510,510,2629,0,150.0,178.8058470688567,107.05087599853869,512.7822960021149,115.0
1703527579,100,,Aggregated,59.200000,0.000000,150,180,210,230,290,340,390,410,490,510,510,2690,0,150.0,177.9624343409007,107.05087599853869,512.7822960021149,115.0
1703527580,100,,Aggregated,59.300000,0.000000,150,180,210,230,290,340,390,410,490,510,510,2751,0,150.0,177.75573923992195,107.05087599853869,512.7822960021149,115.0
1703527581,100,,Aggregated,59.300000,0.000000,150,180,210,230,290,340,390,410,490,510,510,2810,0,150.0,178.3273495491143,107.05087599853869,512.7822960021149,115.0
1703527582,100,,Aggregated,59.300000,0.000000,150,180,210,230,290,340,390,410,490,510,510,2864,0,150.0,177.95839990258668,107.05087599853869,512.7822960021149,115.0
1703527583,100,,Aggregated,59.100000,0.000000,150,180,210,230,290,330,390,410,490,510,510,2928,0,150.0,177.51144660041436,107.05087599853869,512.7822960021149,115.0
1703527584,100,,Aggregated,58.900000,0.000000,150,180,210,230,290,330,380,410,490,510,510,2992,0,150.0,176.65340077440362,107.05087599853869,512.7822960021149,115.0
1703527585,100,,Aggregated,59.100000,0.000000,150,180,210,230,290,330,380,400,490,510,510,3050,0,150.0,176.26153645017357,107.05087599853869,512.7822960021149,115.0
1703527586,100,,Aggregated,59.600000,0.000000,150,180,210,230,290,330,380,400,490,510,510,3112,0,150.0,176.0104590655573,107.05087599853869,512.7822960021149,115.0
1703527587,100,,Aggregated,59.500000,0.000000,150,180,210,230,280,330,380,400,490,510,510,3173,0,150.0,175.5513204056172,107.05087599853869,512.7822960021149,115.0
1703527588,100,,Aggregated,60.000000,0.000000,150,180,210,230,280,330,380,400,490,510,510,3231,0,150.0,175.39634283751911,107.05087599853869,512.7822960021149,115.0
1703527589,100,,Aggregated,60.200000,0.000000,150,180,210,220,280,330,380,400,490,510,510,3293,0,150.0,174.90665947464825,107.05087599853869,512.7822960021149,115.0
1703527590,100,,Aggregated,60.200000,0.000000,150,180,210,220,280,320,380,400,490,510,510,3351,0,150.0,174.53548381349333,107.05087599853869,512.7822960021149,115.0
1703527591,100,,Aggregated,60.000000,0.000000,150,180,200,220,280,320,380,400,490,510,510,3415,0,150.0,174.09707379034106,107.05087599853869,512.7822960021149,115.0
1703527592,100,,Aggregated,60.000000,0.000000,150,180,200,220,280,320,380,400,490,510,510,3473,0,150.0,173.91164751425785,107.05087599853869,512.7822960021149,115.0
1703527593,100,,Aggregated,60.300000,0.000000,150,180,200,220,280,320,380,400,490,510,510,3533,0,150.0,173.9307483572103,107.05087599853869,512.7822960021149,115.0
1703527594,100,,Aggregated,60.600000,0.000000,150,180,200,220,280,320,380,400,490,510,510,3595,0,150.0,173.6765662525765,107.05087599853869,512.7822960021149,115.0
1703527595,100,,Aggregated,60.700000,0.000000,150,180,200,220,280,320,380,400,490,510,510,3655,0,150.0,173.4836737852363,107.05087599853869,512.7822960021149,115.0
1703527596,100,,Aggregated,60.400000,0.000000,150,180,200,220,280,320,370,400,490,510,510,3717,0,150.0,173.30790081410834,107.05087599853869,512.7822960021149,115.0
1703527597,100,,Aggregated,60.200000,0.000000,150,180,200,220,280,320,370,400,490,510,510,3777,0,150.0,173.05453331798853,107.05087599853869,512.7822960021149,115.0
1703527598,100,,Aggregated,60.300000,0.000000,150,180,200,220,280,320,370,400,490,510,510,3832,0,150.0,173.31540851044952,107.05087599853869,512.7822960021149,115.0
1703527599,100,,Aggregated,60.100000,0.000000,150,180,200,220,280,320,370,400,490,510,510,3869,3,150.0,173.15671977359406,60.16281100164633,512.7822960021149,114.95373481519772
1703527600,100,,Aggregated,59.700000,0.000000,150,180,200,220,280,330,380,410,1400,1700,1700,3926,7,150.0,176.45948112761405,60.16281100164633,1662.2016610017454,114.83723892002038
1703527601,100,,Aggregated,58.300000,0.200000,150,180,210,230,280,340,390,430,1900,1900,1900,3986,8,150.0,182.27913799348175,60.16281100164633,1882.2350859991275,114.81083793276467
1703527602,100,,Aggregated,57.100000,0.600000,150,180,210,230,280,340,390,430,1900,1900,1900,4040,14,150.0,182.92088372970704,60.16281100164633,1882.2350859991275,114.64257425742574
1703527603,100,,Aggregated,57.300000,0.800000,150,180,210,230,290,340,390,440,1900,1900,1900,4094,16,150.0,184.53655972716663,60.16281100164633,1882.2350859991275,114.59110893991206
1703527604,100,,Aggregated,56.700000,1.200000,150,190,210,240,300,360,400,440,1900,1900,1900,4147,19,150.0,187.03542412805123,60.16281100164633,1882.2350859991275,114.5131420303834
1703527605,100,,Aggregated,55.800000,1.500000,150,190,220,240,310,370,410,450,1900,1900,1900,4199,22,150.0,189.16064232222286,60.16281100164633,1882.2350859991275,114.43700881162181
1703527606,100,,Aggregated,54.900000,1.800000,150,190,220,250,320,380,450,520,1900,1900,1900,4245,22,150.0,192.9002171215581,60.16281100164633,1882.2350859991275,114.44310954063604
1703527607,100,,Aggregated,54.500000,2.100000,160,190,220,250,330,390,520,580,1900,1900,1900,4293,23,160.0,197.02484602189602,60.16281100164633,1882.2350859991275,114.42254833449802
1703527608,100,,Aggregated,52.900000,2.200000,160,190,230,250,340,410,590,650,1900,1900,1900,4343,23,160.0,202.285398209533,60.16281100164633,1882.2350859991275,114.4291964080129
1703527609,100,,Aggregated,51.700000,2.300000,160,200,230,260,360,480,600,650,1900,1900,1900,4394,24,160.0,206.39626742375629,60.16281100164633,1882.2350859991275,114.40964952207555
1703527610,100,,Aggregated,51.300000,2.300000,160,200,240,270,370,490,600,650,1900,1900,1900,4444,24,160.0,209.3365429162932,60.16281100164633,1882.2350859991275,114.41629162916291
1703527611,100,,Aggregated,51.900000,2.200000,160,200,240,270,380,510,600,650,1900,1900,1900,4494,24,160.0,212.20336670494018,60.16281100164633,1882.2350859991275,114.42278593680463
1703527612,100,,Aggregated,52.000000,1.800000,160,210,250,280,390,530,610,650,1900,1900,1900,4543,24,160.0,216.0684979971401,60.16281100164633,1882.2350859991275,114.4290116662998
1703527613,100,,Aggregated,50.700000,1.600000,160,210,250,290,410,540,610,660,1900,1900,1900,4592,24,160.0,219.43548080727427,60.16281100164633,1882.2350859991275,114.43510452961672
1703527614,100,,Aggregated,50.300000,1.200000,160,210,260,290,430,560,620,660,1900,1900,1900,4640,24,160.0,223.274882711205,60.16281100164633,1882.2350859991275,114.44094827586207
1703527615,100,,Aggregated,49.700000,0.900000,160,210,260,300,460,560,620,660,1900,1900,1900,4690,24,160.0,226.43242478719972,60.16281100164633,1882.2350859991275,114.44690831556503
1703527616,100,,Aggregated,49.400000,0.600000,170,220,260,310,480,560,620,660,1900,1900,1900,4739,24,170.0,229.18512590039424,60.16281100164633,1882.2350859991275,114.45262713652669
1703527617,100,,Aggregated,49.000000,0.300000,170,220,270,320,500,570,630,660,1900,1900,1900,4788,24,170.0,233.00707368357766,60.16281100164633,1882.2350859991275,114.45822890559732
1703527618,100,,Aggregated,49.200000,0.200000,170,220,280,330,510,580,630,670,1900,1900,1900,4838,24,170.0,236.6953094718826,60.16281100164633,1882.2350859991275,114.46382802811078
1703527619,100,,Aggregated,49.500000,0.100000,170,230,280,340,510,580,630,670,1900,1900,1900,4888,24,170.0,239.19605976697193,60.16281100164633,1882.2350859991275,114.46931260229132
1703527620,100,,Aggregated,49.300000,0.100000,170,230,290,350,510,580,630,670,1900,1900,1900,4937,24,170.0,241.53041256754,60.16281100164633,1882.2350859991275,114.47457970427385
1703527621,100,,Aggregated,49.300000,0.100000,170,230,290,350,510,580,630,670,1900,1900,1900,4948,24,170.0,241.2858121196325,60.16281100164633,1882.2350859991275,114.47574777687954
1703527622,100,,Aggregated,49.200000,0.000000,170,230,290,350,510,580,630,670,1900,1900,1900,4950,24,170.0,241.236135919787,60.16281100164633,1882.2350859991275,114.4759595959596
1703527623,100,,Aggregated,49.200000,0.000000,170,230,290,350,510,580,630,670,1900,1900,1900,4951,24,170.0,241.21120195292775,60.16281100164633,1882.2350859991275,114.47606544132499
1703527624,100,,Aggregated,41.400000,0.000000,170,230,290,350,510,580,630,670,1900,3100,3100,4953,24,170.0,242.38036113344333,60.16281100164633,3138.0826420027006,114.47627700383606
1703527625,100,,Aggregated,41.400000,0.000000,170,230,290,350,510,580,630,670,1900,3100,3100,4953,24,170.0,242.38036113344333,60.16281100164633,3138.0826420027006,114.47627700383606
1703527626,100,,Aggregated,41.400000,0.000000,170,230,290,350,510,580,630,670,1900,3100,3100,4953,24,170.0,242.38036113344333,60.16281100164633,3138.0826420027006,114.47627700383606
1703527627,100,,Aggregated,41.400000,0.000000,170,230,290,350,510,580,630,670,1900,3100,3100,4953,24,170.0,242.38036113344333,60.16281100164633,3138.0826420027006,114.47627700383606
1703527628,100,,Aggregated,41.400000,0.000000,170,230,290,350,510,580,630,670,1900,3100,3100,4953,24,170.0,242.38036113344333,60.16281100164633,3138.0826420027006,114.47627700383606
1703527629,100,,Aggregated,41.400000,0.000000,170,230,290,350,510,580,630,670,1900,3100,3100,4953,24,170.0,242.38036113344333,60.16281100164633,3138.0826420027006,114.47627700383606
1703527630,100,,Aggregated,41.400000,0.000000,170,230,290,350,510,580,630,670,1900,3100,3100,4953,24,170.0,242.38036113344333,60.16281100164633,3138.0826420027006,114.47627700383606
1703527631,100,,Aggregated,41.400000,0.000000,170,230,290,350,510,580,630,670,1900,3100,3100,4953,24,170.0,242.38036113344333,60.16281100164633,3138.0826420027006,114.47627700383606
1703527632,100,,Aggregated,41.400000,0.000000,170,230,290,350,510,580,630,670,1900,3100,3100,4953,24,170.0,242.38036113344333,60.16281100164633,3138.0826420027006,114.47627700383606
1703527633,100,,Aggregated,41.400000,0.000000,170,230,290,350,510,580,630,670,1900,3100,3100,4953,24,170.0,242.38036113344333,60.16281100164633,3138.0826420027006,114.47627700383606
1703527634,100,,Aggregated,41.400000,0.000000,170,230,290,350,510,580,630,670,1900,3100,3100,4953,24,170.0,242.38036113344333,60.16281100164633,3138.0826420027006,114.47627700383606
1703527635,100,,Aggregated,41.400000,0.000000,170,230,290,350,510,580,630,670,1900,3100,3100,4953,24,170.0,242.38036113344333,60.16281100164633,3138.0826420027006,114.47627700383606
1703527636,100,,Aggregated,0.200000,0.000000,170,230,290,350,510,580,630,670,3100,15000,15000,4956,24,170.0,251.57579528792263,60.16281100164633,15469.312103999982,114.47659402744148
1703527637,100,,Aggregated,0.100000,0.000000,170,230,290,350,510,580,630,680,3100,16000,16000,4957,24,170.0,254.66113089831416,60.16281100164633,15545.584415998746,114.47669961670366
1703527638,100,,Aggregated,0.000000,0.000000,170,230,290,350,510,580,630,680,15000,16000,16000,4959,24,170.0,257.6882873288851,60.16281100164633,15545.584415998746,114.47691066747328
1703527639,100,,Aggregated,0.300000,0.000000,170,230,290,350,510,580,630,680,15000,16000,16000,4960,24,170.0,257.66050538768997,60.16281100164633,15545.584415998746,114.47701612903226
1703527640,100,,Aggregated,0.300000,0.000000,170,230,290,350,510,580,630,680,15000,16000,16000,4960,24,170.0,257.66050538768997,60.16281100164633,15545.584415998746,114.47701612903226
1703527641,100,,Aggregated,0.300000,0.000000,170,230,290,350,510,580,630,680,15000,16000,16000,4960,24,170.0,257.66050538768997,60.16281100164633,15545.584415998746,114.47701612903226
1703527642,100,,Aggregated,0.300000,0.000000,170,230,290,350,510,580,630,680,15000,16000,16000,4960,24,170.0,257.66050538768997,60.16281100164633,15545.584415998746,114.47701612903226
1703527643,100,,Aggregated,0.300000,0.000000,170,230,290,350,510,580,630,680,15000,16000,16000,4960,24,170.0,257.66050538768997,60.16281100164633,15545.584415998746,114.47701612903226
1703527644,100,,Aggregated,0.300000,0.000000,170,230,290,350,510,580,630,680,15000,16000,16000,4960,24,170.0,257.66050538768997,60.16281100164633,15545.584415998746,114.47701612903226
1703527645,100,,Aggregated,0.300000,0.000000,170,230,290,350,510,580,630,680,15000,16000,16000,4960,24,170.0,257.66050538768997,60.16281100164633,15545.584415998746,114.47701612903226
1703527646,100,,Aggregated,0.300000,0.000000,170,230,290,350,510,580,630,680,15000,16000,16000,4960,24,170.0,257.66050538768997,60.16281100164633,15545.584415998746,114.47701612903226
1703527647,100,,Aggregated,0.300000,0.000000,170,230,290,350,510,580,630,680,15000,16000,16000,4960,24,170.0,257.66050538768997,60.16281100164633,15545.584415998746,114.47701612903226
1703527648,100,,Aggregated,0.300000,0.000000,170,230,290,350,510,580,630,680,15000,16000,16000,4960,24,170.0,257.66050538768997,60.16281100164633,15545.584415998746,114.47701612903226
1703527649,100,,Aggregated,0.300000,0.000000,170,230,290,350,510,580,630,680,15000,16000,16000,4960,24,170.0,257.66050538768997,60.16281100164633,15545.584415998746,114.47701612903226
1703527650,100,,Aggregated,0.300000,0.000000,170,230,290,350,510,580,630,680,15000,16000,16000,4960,24,170.0,257.66050538768997,60.16281100164633,15545.584415998746,114.47701612903226
1703527651,100,,Aggregated,0.300000,0.000000,170,230,290,350,510,580,630,680,15000,16000,16000,4960,24,170.0,257.66050538768997,60.16281100164633,15545.584415998746,114.47701612903226
1703527652,100,,Aggregated,0.000000,0.000000,170,230,290,350,510,580,630,690,32000,32000,32000,4965,24,170.0,289.26421331257734,60.16281100164633,31680.199076999997,114.47754279959717
1703527653,100,,Aggregated,0.000000,0.000000,170,230,290,360,510,580,640,700,32000,32000,32000,4969,24,170.0,314.4972694874105,60.16281100164633,31748.463516996708,114.47796337291206
1703527654,100,,Aggregated,0.400000,0.000000,170,230,290,360,510,580,640,700,32000,32000,32000,4971,24,170.0,314.41767365699945,60.16281100164633,31748.463516996708,114.47817340575337
1703527655,100,,Aggregated,0.400000,0.000000,170,230,290,360,510,580,640,700,32000,32000,32000,4971,24,170.0,314.41767365699945,60.16281100164633,31748.463516996708,114.47817340575337
1703527656,100,,Aggregated,1.000000,0.000000,170,230,290,360,510,580,640,700,32000,32000,32000,4972,24,170.0,314.5942435450411,60.16281100164633,31748.463516996708,114.47827835880933
1703527657,100,,Aggregated,1.000000,0.000000,170,230,290,360,510,580,640,700,32000,32000,32000,4973,24,170.0,315.184464694539,60.16281100164633,31748.463516996708,114.47838326965615
1703527658,100,,Aggregated,1.100000,0.000000,170,230,290,360,510,580,640,700,32000,32000,32000,4975,24,170.0,315.1071868620986,60.16281100164633,31748.463516996708,114.47859296482412
1703527659,100,,Aggregated,1.300000,0.000000,170,230,290,360,520,580,640,710,32000,32000,32000,4978,24,170.0,316.23358013498233,60.16281100164633,31748.463516996708,114.47890719164323
1703527660,100,,Aggregated,1.400000,0.000000,170,230,290,360,510,580,640,710,32000,32000,32000,4981,24,170.0,316.11642106443367,60.16281100164633,31748.463516996708,114.47922103995182
1703527661,100,,Aggregated,1.700000,0.000000,170,230,290,360,520,580,640,710,32000,32000,32000,4986,24,170.0,320.2269795751991,60.16281100164633,31748.463516996708,114.47974328118733
1703527662,100,,Aggregated,1.900000,0.000000,170,230,290,360,520,580,640,720,32000,32000,32000,4992,24,170.0,322.87467989301786,60.16281100164633,31748.463516996708,114.48036858974359
1703527663,100,,Aggregated,2.400000,0.000000,170,230,290,360,520,580,640,720,32000,32000,32000,5000,24,170.0,322.5435509111886,60.16281100164633,31748.463516996708,114.4812
1703527664,100,,Aggregated,2.700000,0.000000,170,230,290,360,520,580,640,720,32000,32000,32000,5003,24,170.0,322.4213414996888,60.16281100164633,31748.463516996708,114.481511093344
1703527665,100,,Aggregated,2.800000,0.000000,170,230,290,360,520,580,640,720,32000,32000,32000,5010,24,170.0,322.1312019888105,60.16281100164633,31748.463516996708,114.48223552894211
1703527666,100,,Aggregated,3.200000,0.000000,170,230,290,360,520,580,640,720,32000,32000,32000,5016,24,170.0,321.8844735855147,60.16281100164633,31748.463516996708,114.48285486443382
1703527667,100,,Aggregated,3.700000,0.000000,170,230,290,350,520,580,640,720,32000,32000,32000,5021,24,170.0,321.68158059608436,60.16281100164633,31748.463516996708,114.4833698466441
1703527668,100,,Aggregated,4.300000,0.000000,170,230,290,350,520,580,640,720,32000,32000,32000,5026,24,170.0,321.47784591642153,60.16281100164633,31748.463516996708,114.48388380421807
1703527669,100,,Aggregated,4.500000,0.000000,170,230,290,360,520,580,650,720,32000,32000,32000,5034,24,170.0,333.7573791664551,60.16281100164633,31748.463516996708,114.48470401271355
1703527670,100,,Aggregated,5.100000,0.000000,170,230,290,350,520,580,650,720,32000,32000,32000,5042,24,170.0,339.65252782069314,60.16281100164633,31748.463516996708,114.4855216184054
1703527671,100,,Aggregated,5.500000,0.000000,170,230,290,350,520,580,650,720,32000,32000,32000,5050,24,170.0,345.54334561622557,60.16281100164633,31748.463516996708,114.48633663366337
1703527672,100,,Aggregated,5.900000,0.000000,170,230,290,350,520,580,650,730,32000,32000,32000,5057,24,170.0,351.46242226259534,60.16281100164633,31748.463516996708,114.48704765671347
1703527673,100,,Aggregated,6.200000,0.000000,170,230,290,350,520,580,650,730,32000,32000,32000,5067,24,170.0,351.0083499070331,60.16281100164633,31748.463516996708,114.4880599960529
1703527674,100,,Aggregated,6.500000,0.000000,170,230,290,350,520,580,650,730,32000,32000,32000,5075,24,170.0,350.6525135511193,60.16281100164633,31748.463516996708,114.48886699507389
1703527675,100,,Aggregated,6.700000,0.000000,170,230,290,350,520,580,650,730,32000,32000,32000,5082,24,170.0,350.34561612847904,60.16281100164633,31748.463516996708,114.48957103502558
1703527676,100,,Aggregated,6.900000,0.000000,170,230,290,350,510,580,650,730,32000,32000,32000,5094,24,170.0,349.8028814308862,60.16281100164633,31748.463516996708,114.49077345897133
1703527677,100,,Aggregated,7.200000,0.000000,170,230,290,350,510,580,650,720,32000,32000,32000,5101,24,170.0,349.4854504647981,60.16281100164633,31748.463516996708,114.49147226034111
1703527678,100,,Aggregated,7.600000,0.000000,170,230,290,350,510,580,650,720,32000,32000,32000,5111,24,170.0,349.03050588533256,60.16281100164633,31748.463516996708,114.49246722754843
1703527679,100,,Aggregated,7.900000,0.000000,170,230,290,350,510,580,650,720,32000,32000,32000,5119,24,170.0,348.66561089840434,60.16281100164633,31748.463516996708,114.49326040242235
1703527680,100,,Aggregated,8.200000,0.000000,170,230,290,360,520,590,670,1900,60000,60000,60000,5147,44,170.0,580.4570003959418,60.16281100164633,60095.98076600014,114.73304837769575
1703527681,100,,Aggregated,8.200000,0.000000,170,230,300,360,530,600,1200,60000,60000,60000,60000,5200,81,170.0,1002.5192373524823,60.16281100164633,60103.19625699776,115.16980769230769
1703527682,100,,Aggregated,9.400000,0.800000,170,230,300,370,530,600,1900,60000,60000,60000,60000,5251,99,170.0,1199.7298111403354,60.16281100164633,60103.19625699776,115.37726147400495
1703527683,100,,Aggregated,12.800000,4.100000,170,230,300,360,530,610,7200,60000,60000,60000,60000,5306,107,170.0,1280.01472105671,60.16281100164633,60103.19625699776,115.46532227666792
1703527684,100,,Aggregated,17.400000,7.400000,170,230,300,370,530,610,7200,60000,60000,60000,60000,5353,108,170.0,1283.3642742917825,60.16281100164633,60103.19625699776,115.47263216887727
1703527685,100,,Aggregated,22.000000,8.200000,170,240,310,380,540,610,7200,60000,60000,60000,60000,5402,109,170.0,1287.8294279401896,60.16281100164633,60103.19625699776,115.47963717141799
1703527686,100,,Aggregated,26.000000,8.300000,170,240,320,390,550,620,7200,60000,60000,60000,60000,5452,110,170.0,1292.2786208512293,60.16281100164633,60103.19625699776,115.48642699926633
1703527687,100,,Aggregated,29.900000,8.400000,170,250,330,400,550,620,7200,60000,60000,60000,60000,5499,110,170.0,1285.9135945277146,60.16281100164633,60103.19625699776,115.48226950354609
1703527688,100,,Aggregated,33.900000,8.600000,180,250,340,410,560,610,3300,60000,60000,60000,60000,5547,110,180.0,1279.7296834214737,60.16281100164633,60103.19625699776,115.47809626825311
1703527689,100,,Aggregated,38.100000,8.600000,180,250,350,420,560,620,3200,60000,60000,60000,60000,5596,110,180.0,1273.8009090812895,60.16281100164633,60103.19625699776,115.47390993566833
1703527690,100,,Aggregated,41.800000,8.600000,180,260,360,440,560,620,3100,60000,60000,60000,60000,5644,110,180.0,1267.3231719904131,60.16281100164633,60103.19625699776,115.46987951807229
1703527691,100,,Aggregated,45.900000,8.600000,180,260,370,460,570,620,3100,60000,60000,60000,60000,5692,110,180.0,1261.5542780704325,60.16281100164633,60103.19625699776,115.46591707659873
1703527692,100,,Aggregated,48.900000,7.800000,180,260,380,470,570,620,3100,60000,60000,60000,60000,5742,110,180.0,1255.6376058496865,60.16281100164633,60103.19625699776,115.46185997910136
1703527693,100,,Aggregated,49.500000,4.500000,180,270,390,480,570,620,1900,60000,60000,60000,60000,5794,110,180.0,1249.0630525988759,60.16281100164633,60103.19625699776,115.45771487745944
1703527694,100,,Aggregated,48.800000,1.200000,180,280,390,480,570,620,1900,60000,60000,60000,60000,5844,110,180.0,1241.999077419386,60.16281100164633,60103.19625699776,115.45379876796714
1703527695,100,,Aggregated,48.500000,0.400000,190,280,390,480,570,620,1900,60000,60000,60000,60000,5894,110,190.0,1235.4772263265845,60.16281100164633,60103.19625699776,115.44994910078046
1703527696,100,,Aggregated,48.900000,0.300000,190,280,390,470,570,620,1900,60000,60000,60000,60000,5944,110,190.0,1228.457120675622,60.16281100164633,60103.19625699776,115.44616419919247
1703527697,100,,Aggregated,49.100000,0.200000,190,280,390,470,570,620,1900,60000,60000,60000,60000,5990,110,190.0,1220.821866706327,60.16281100164633,60103.19625699776,115.44273789649415
1703527698,100,,Aggregated,49.000000,0.000000,190,280,390,470,570,620,1900,60000,60000,60000,60000,6040,110,190.0,1213.9442586514713,60.16281100164633,60103.19625699776,115.43907284768211
1703527699,100,,Aggregated,48.800000,0.000000,190,280,390,470,570,620,1900,60000,60000,60000,60000,6086,110,190.0,1207.6218525635707,60.16281100164633,60103.19625699776,115.43575418994413
1703527700,100,,Aggregated,49.100000,0.000000,190,280,390,470,570,620,1900,60000,60000,60000,60000,6130,110,190.0,1202.0788002448426,60.16281100164633,60103.19625699776,115.4326264274062
